City_ID,City,Lat,Lng,Max Temp,Humidity,Cloudiness,Wind Speed,Country,Date
0,salinopolis,-0.6136,-47.3561,25.57,88,31,4.32,BR,1720147662
1,yellowknife,62.456,-114.3525,17.29,67,75,4.63,CA,1720147424
2,wanlaweyn,2.6185,44.8938,23.32,85,90,4.66,SO,1720147670
3,port mathurin,-19.6833,63.4167,22.62,60,85,9.99,MU,1720147671
4,iqaluit,63.7506,-68.5145,3.85,93,100,2.06,CA,1720147672
5,abomsa,9.9833,39.9833,23.84,60,100,1.47,ET,1720147675
6,puerto santa,-8.9906,-78.6456,18.22,90,87,4.23,PE,1720147676
7,hawaiian paradise park,19.5933,-154.9731,27.73,73,40,5.66,US,1720147677
8,bilibino,68.0546,166.4372,15.71,84,100,1.38,RU,1720147678
9,arenas de san pedro,40.2104,-5.0869,24.02,33,1,2.77,ES,1720147679
10,ilulissat,69.2167,-51.1,11.01,46,40,3.09,GL,1720147681
11,anadyr,64.75,177.4833,19.28,63,20,9.0,RU,1720147682
12,shimoda,34.6667,138.95,32.28,70,5,2.92,JP,1720147683
13,badger,64.8,-147.5333,13.14,93,100,6.69,US,1720147684
14,peterhead,57.5058,-1.7981,11.22,75,97,7.91,GB,1720147685
15,lihue,21.9789,-159.3672,26.77,76,20,6.17,US,1720147456
16,ancud,-41.8697,-73.8203,3.83,81,31,1.93,CL,1720147688
17,playa del ingles,27.7567,-15.5787,19.86,76,0,2.78,ES,1720147689
18,ulsteinvik,62.3432,5.8487,10.73,90,100,0.89,NO,1720147690
19,edinburgh of the seven seas,-37.0676,-12.3116,13.05,82,90,15.27,SH,1720147691
20,thompson,55.7435,-97.8558,22.09,40,75,3.6,CA,1720147692
21,port-aux-francais,-49.35,70.2167,4.75,96,100,14.15,TF,1720147694
22,grytviken,-54.2811,-36.5092,-5.18,60,87,0.84,GS,1720147695
23,carutapera,-1.195,-46.02,24.1,94,55,1.96,BR,1720147696
24,pokrovsk,48.282,37.1758,24.21,36,100,0.53,UA,1720147697
25,egilsstadir,65.2653,-14.3948,5.95,93,100,2.06,IS,1720147699
26,montrose,38.4166,-108.2673,21.76,21,0,1.94,US,1720147700
27,kirkwall,58.9848,-2.9587,10.03,93,98,3.09,GB,1720147701
28,guadalupe y calvo,26.1,-106.9667,15.02,95,99,1.15,MX,1720147702
29,bethel,41.3712,-73.414,23.55,83,100,0.45,US,1720147704
30,cabedelo,-6.9811,-34.8339,23.37,80,17,4.17,BR,1720147705
31,coquimbo,-29.9533,-71.3436,9.85,100,100,1.54,CL,1720147706
32,portland,45.5234,-122.6762,30.99,35,0,6.17,US,1720147390
33,scottburgh,-30.2867,30.7532,12.63,36,0,3.98,ZA,1720147708
34,mek'ele,13.4967,39.4753,18.52,70,91,1.05,ET,1720147709
35,sirte,31.2089,16.5887,24.03,69,35,4.67,LY,1720147711
36,avarua,-21.2078,-159.775,26.03,73,20,6.17,CK,1720147712
37,bykovo,55.6361,38.0803,19.59,94,0,3.0,RU,1720147713
38,ushuaia,-54.8,-68.3,-0.19,80,20,3.09,AR,1720147714
39,georgetown,5.4112,100.3354,30.96,65,20,2.57,MY,1720147514
40,meadow lakes,61.6247,-149.6011,17.17,70,100,2.06,US,1720147716
41,lebu,-37.6167,-73.65,5.17,73,1,6.49,CL,1720147718
42,jamestown,42.097,-79.2353,22.8,88,100,0.0,US,1720147719
43,margaret river,-33.95,115.0667,13.41,61,2,6.5,AU,1720147720
44,waitangi,-43.9535,-176.5597,8.23,88,57,1.34,NZ,1720147721
45,waddan,29.1614,16.139,23.31,64,0,1.15,LY,1720147722
46,tiksi,71.6872,128.8694,3.5,78,42,3.62,RU,1720147724
47,arraial do cabo,-22.9661,-42.0278,22.5,76,38,5.29,BR,1720147725
48,kailua-kona,19.6406,-155.9956,26.27,77,55,0.45,US,1720147726
49,nong kung si,16.65,103.3,30.32,66,83,3.42,TH,1720147727
50,aasiaat,68.7098,-52.8699,2.45,74,49,2.92,GL,1720147728
51,fasa,28.9383,53.6482,23.58,33,14,2.06,IR,1720147730
52,huarmey,-10.0681,-78.1522,17.97,89,64,3.84,PE,1720147731
53,freeport,40.6576,-73.5832,24.72,84,40,5.66,US,1720147732
54,gizo,-8.103,156.8419,28.15,75,97,7.99,SB,1720147733
55,aykhal,66.0,111.5,16.99,36,98,2.16,RU,1720147734
56,dakhla,23.6848,-15.958,18.49,94,3,9.84,EH,1720147735
57,longyearbyen,78.2186,15.6401,4.91,93,75,6.17,SJ,1720147737
58,college,64.8569,-147.8028,13.18,93,100,6.69,US,1720147738
59,albufeira,37.0882,-8.2503,26.91,41,0,3.55,PT,1720147739
60,kodiak,57.79,-152.4072,15.73,72,0,3.6,US,1720147740
61,kingston,17.997,-76.7936,29.53,79,40,2.06,JM,1720147741
62,suleja,9.1758,7.1808,22.13,90,100,0.92,NG,1720147743
63,stanley,54.868,-1.6985,9.73,74,0,4.12,GB,1720147744
64,flying fish cove,-10.4217,105.6791,26.82,73,75,7.72,CX,1720147745
65,puerto ayora,-0.7393,-90.3518,21.97,96,95,1.34,EC,1720147746
66,morondava,-20.2833,44.2833,17.51,83,0,3.57,MG,1720147747
67,khandyga,62.6667,135.6,15.12,52,92,0.83,RU,1720147749
68,san luis de la loma,17.2706,-100.8939,26.67,82,92,2.83,MX,1720147750
69,la passe,45.5549,-0.8967,14.99,88,78,1.79,FR,1720147751
70,west island,-12.1568,96.8225,29.99,79,84,4.63,CC,1720147752
71,ain sukhna,29.6002,32.3167,26.98,59,0,2.45,EG,1720147753
72,diamante,-32.0664,-60.6384,9.71,47,61,2.73,AR,1720147754
73,punta arenas,-53.15,-70.9167,1.06,93,100,3.09,CL,1720147756
74,port elizabeth,-33.918,25.5701,12.16,88,20,8.23,ZA,1720147757
75,bechem,7.0903,-2.025,20.38,99,98,0.83,GH,1720147758
76,nuku'alofa,-21.1333,-175.2,26.19,89,40,5.66,TO,1720147759
77,shwebo,22.5667,95.7,31.01,61,100,6.69,MM,1720147760
78,vilyuysk,63.7553,121.6247,16.04,49,93,4.67,RU,1720147763
79,tateyama,34.9833,139.8667,26.53,84,4,1.0,JP,1720147764
80,keflavik,64.0049,-22.5624,8.24,81,0,6.17,IS,1720147765
81,tuzhai,24.983,118.8319,31.99,65,0,5.66,CN,1720147766
82,albany,42.6001,-73.9662,24.2,89,100,1.29,US,1720147767
83,lazaro cardenas,17.9583,-102.2,26.71,82,70,2.46,MX,1720147769
84,puerto natales,-51.7236,-72.4875,-1.79,93,58,1.91,CL,1720147770
85,hermanus,-34.4187,19.2345,12.67,70,37,8.39,ZA,1720147771
86,aksu,41.1231,80.2644,27.02,29,13,0.82,CN,1720147772
87,veinticinco de mayo,-35.4323,-60.1727,1.1,59,1,0.89,AR,1720147773
88,ust-nera,64.5667,143.2,17.83,53,75,1.77,RU,1720147775
89,papatowai,-46.5619,169.4708,8.66,77,82,7.0,NZ,1720147776
90,ribeira grande,38.5167,-28.7,18.21,82,2,3.58,PT,1720147777
91,qaqortoq,60.7167,-46.0333,3.63,84,100,1.15,GL,1720147778
92,blackmans bay,-43.0167,147.3167,12.07,68,45,1.79,AU,1720147779
93,posto fiscal rolim de moura,-13.0833,-62.2667,24.53,53,38,0.94,BR,1720147780
94,invercargill,-46.4,168.35,10.01,76,100,3.58,NZ,1720147782
95,qaryat suluq,31.6682,20.2521,22.89,69,14,3.74,LY,1720147783
96,ulladulla,-35.35,150.4667,14.94,64,91,4.05,AU,1720147784
97,shantobe,52.4581,68.1839,19.65,71,12,3.23,KZ,1720147785
98,vecvarkava,56.1833,26.5167,12.38,98,85,1.88,LV,1720147786
99,punta del este,-34.9667,-54.95,5.54,87,0,3.6,UY,1720147788
100,miracema do tocantins,-9.5618,-48.3967,23.35,41,0,1.95,BR,1720147789
101,dedovichi,57.5517,29.9502,14.65,97,100,1.69,RU,1720147790
102,bredasdorp,-34.5322,20.0403,10.58,76,26,7.08,ZA,1720147791
103,adamstown,-25.066,-130.1015,20.05,76,100,10.48,PN,1720147792
104,kakonko,-3.2828,30.9642,20.36,52,91,0.83,TZ,1720147793
105,nova sintra,14.8667,-24.7167,23.77,89,89,7.5,CV,1720147795
106,faya-largeau,17.9257,19.1043,26.74,61,6,2.16,TD,1720147796
107,westport,41.1415,-73.3579,24.2,83,0,3.09,US,1720147797
108,topki,55.2769,85.6163,21.89,79,21,2.64,RU,1720147798
109,atafu village,-8.5421,-172.5159,28.73,76,65,6.72,TK,1720147799
110,east london,-33.0153,27.9116,13.83,44,80,2.62,ZA,1720147801
111,callao,-12.0667,-77.15,18.01,82,100,3.6,PE,1720147802
112,coruripe,-10.1256,-36.1756,23.17,82,7,2.48,BR,1720147803
113,iskateley,67.6803,53.1512,10.99,69,2,5.07,RU,1720147804
114,lionel town,17.8101,-77.2406,29.94,87,100,2.69,JM,1720147805
115,petropavlovsk-kamchatsky,53.0452,158.6483,20.33,49,75,3.0,RU,1720147807
116,bata,1.8639,9.7658,24.28,89,100,4.1,GQ,1720147808
117,kerikeri,-35.2268,173.9474,16.06,61,42,2.68,NZ,1720147810
118,nova vicosa,-17.8919,-39.3719,22.14,77,0,2.29,BR,1720147811
119,ternate,0.8,127.4,26.81,80,81,2.99,ID,1720147813
120,crane,31.3974,-102.3501,29.67,40,52,8.71,US,1720147814
121,vilyuchinsk,52.9306,158.4028,21.15,67,50,2.01,RU,1720147815
122,sisimiut,66.9395,-53.6735,7.64,63,42,1.15,GL,1720147816
123,naracoorte,-36.9579,140.7383,14.62,58,1,3.49,AU,1720147817
124,soto la marina,23.7667,-98.2167,25.82,90,3,4.54,MX,1720147818
125,san rafael,-34.6177,-68.3301,2.39,43,0,0.75,AR,1720147820
126,waspan,14.7419,-83.9717,24.73,93,100,1.48,NI,1720147821
127,lorengau,-2.0226,147.2712,28.11,76,78,3.11,PG,1720147823
128,alesund,62.4723,6.1549,10.74,89,100,5.14,NO,1720147824
129,umm kaddadah,13.6017,26.6876,30.17,46,16,5.45,SD,1720147826
130,howard springs,-12.497,131.047,26.04,38,80,3.29,AU,1720147827
131,mokhsogollokh,61.4681,128.9203,13.13,54,98,5.22,RU,1720147828
132,aras-asan,8.8908,126.3033,29.26,67,88,2.41,PH,1720147829
133,whitehorse,60.7161,-135.0538,19.43,49,75,3.09,CA,1720147830
134,mitchell,43.7094,-98.0298,17.99,78,0,4.12,US,1720147831
135,chicoana,-25.1009,-65.5331,12.03,70,100,2.04,AR,1720147833
136,talnakh,69.4865,88.3972,16.39,59,100,3.72,RU,1720147834
137,usinsk,65.9939,57.5281,13.24,70,2,6.9,RU,1720147804
138,wanxian,30.8039,108.3897,27.6,87,100,1.8,CN,1720147836
139,kayangel,8.0823,134.7173,28.36,75,72,3.46,PW,1720147837
140,bolszewo,54.618,18.1759,11.85,89,3,2.24,PL,1720147839
141,grand baie,-20.0182,57.5802,21.26,78,69,0.89,MU,1720147840
142,saint croix,17.7397,-64.7388,28.25,86,20,4.63,VI,1720147841
143,bam,29.106,58.357,38.31,13,20,1.15,IR,1720147842
144,tofol,5.3248,163.0078,25.88,89,100,1.54,FM,1720147845
145,gadzhiyevo,69.2551,33.3362,14.08,75,100,4.22,RU,1720147847
146,puerto deseado,-47.7503,-65.8938,3.91,79,59,9.67,AR,1720147848
147,slave lake,55.2834,-114.769,21.99,53,0,5.66,CA,1720147745
148,hirara,24.8,125.2833,33.15,70,40,4.63,JP,1720147850
149,bodo,67.28,14.405,16.64,70,75,6.69,NO,1720147852
150,kone,-21.0595,164.8658,21.7,64,93,5.48,NC,1720147853
151,pierre,44.3683,-100.351,17.14,84,75,6.69,US,1720147854
152,saldanha,-33.0117,17.9442,12.03,72,45,4.22,ZA,1720147855
153,freetown,8.484,-13.2299,24.84,83,75,3.09,SL,1720147856
154,okhotsk,59.3833,143.3,15.72,67,5,4.59,RU,1720147858
155,vorkuta,67.5,64.0,10.33,84,100,7.13,RU,1720147860
156,isafjordur,66.0755,-23.124,3.23,94,100,3.6,IS,1720147861
157,farafangana,-22.8167,47.8333,18.41,90,12,3.81,MG,1720147862
158,eyl,7.9803,49.8164,26.31,58,100,9.49,SO,1720147864
159,marsabit,2.3284,37.9899,15.42,75,51,6.28,KE,1720147865
160,illapel,-31.6308,-71.1653,9.2,76,97,1.17,CL,1720147866
161,ola,59.5833,151.2833,12.74,77,11,4.01,RU,1720147867
162,stjordalshalsen,63.4681,10.9262,14.0,72,0,1.03,NO,1720147868
163,haiku-pauwela,20.9219,-156.3051,27.01,68,40,8.75,US,1720147869
164,burutu,5.3509,5.5076,24.72,90,100,2.53,NG,1720147871
165,uturoa,-16.7333,-151.4333,25.86,79,4,9.22,PF,1720147872
166,sao tome,0.3365,6.7273,24.02,84,85,3.81,ST,1720147873
167,goba,7.0167,39.9833,10.26,82,100,1.5,ET,1720147874
168,namtsy,62.7161,129.6658,10.5,83,100,1.92,RU,1720147875
169,fort bragg,35.139,-79.006,30.08,77,43,2.24,US,1720147877
170,queenstown,-31.8976,26.8753,6.15,43,62,5.35,ZA,1720147878
171,corning,42.1428,-77.0547,23.65,88,100,0.56,US,1720147879
172,alice springs,-23.7,133.8833,13.75,54,20,4.12,AU,1720147807
173,nampula,-15.1165,39.2666,17.97,100,20,1.03,MZ,1720147881
174,labytnangi,66.6572,66.4183,14.91,70,69,6.81,RU,1720147882
175,al artawiyah,26.5053,45.3444,28.47,17,31,3.58,SA,1720147884
176,olonkinbyen,70.9221,-8.7187,1.71,92,80,4.74,SJ,1720147885
177,ponta delgada,37.7333,-25.6667,19.4,72,75,1.54,PT,1720147886
178,leava,-14.3,-178.1667,27.54,79,18,7.57,WF,1720147887
179,calama,-22.4667,-68.9333,8.84,15,10,3.27,CL,1720147888
180,port lincoln,-34.7333,135.8667,12.96,75,96,8.4,AU,1720147890
181,nuuk,64.1835,-51.7216,5.34,81,10,8.75,GL,1720147891
182,yanykurgan,43.915,67.2481,28.5,27,0,7.12,KZ,1720147892
183,neryungri,56.6709,124.6491,23.31,44,43,2.65,RU,1720147893
184,vorgashor,67.5833,63.95,9.9,85,100,7.08,RU,1720147894
185,dudinka,69.4058,86.1778,18.15,68,100,6.25,RU,1720147895
186,kostomuksha,64.571,30.5767,13.67,92,100,1.41,RU,1720147897
187,mulchen,-37.7167,-72.2333,1.63,81,2,3.6,CL,1720147898
188,sao mateus,-18.7161,-39.8589,20.01,85,0,1.7,BR,1720147899
189,ayr,55.4627,-4.6339,11.99,76,100,8.23,GB,1720147900
190,saint-jean-de-monts,46.7833,-2.0667,15.74,79,100,2.38,FR,1720147901
191,tazovsky,67.4667,78.7,19.68,71,59,7.96,RU,1720147903
192,yuzhno-kurilsk,44.0306,145.8556,18.42,83,100,3.24,RU,1720147904
193,serhetabat,35.2799,62.3438,28.83,16,1,2.86,TM,1720147905
194,errachidia,31.9275,-4.4285,32.03,5,0,2.06,MA,1720147906
195,udachny,66.4167,112.4,17.4,39,99,2.55,RU,1720147907
196,tura,25.5198,90.2201,25.66,90,100,3.63,IN,1720147908
197,colonia,50.9333,6.95,13.96,75,40,4.12,DE,1720147910
198,quatre cocos,-20.2078,57.7625,21.06,68,83,6.83,MU,1720147911
199,cabo san lucas,22.8909,-109.9124,31.61,54,0,3.6,MX,1720147534
200,lamu,-2.2717,40.902,24.45,85,61,5.73,KE,1720147913
201,utrik,11.2278,169.8474,27.65,79,100,6.78,MH,1720147915
202,bukoba,-1.3317,31.8122,20.08,73,6,3.54,TZ,1720147917
203,talcahuano,-36.7167,-73.1167,3.82,70,0,2.57,CL,1720147918
204,kandete,-9.15,33.8,12.57,90,0,0.7,TZ,1720147919
205,kemijarvi,66.7131,27.4306,14.47,90,62,3.47,FI,1720147920
206,pauini,-7.7136,-66.9764,26.78,59,100,0.98,BR,1720147921
207,macka,40.8186,39.6136,20.64,54,0,3.94,TR,1720147923
208,ghat,24.9647,10.1728,29.55,14,31,3.28,LY,1720147924
209,nanga eboko,4.6833,12.3667,20.68,99,100,1.84,CM,1720147925
210,fortuna,40.5982,-124.1573,21.19,76,20,2.57,US,1720147926
211,nan,18.8333,100.6667,24.01,100,75,1.03,TH,1720147927
212,manuguru,17.981,80.7547,28.02,80,99,1.54,IN,1720147928
213,holualoa,19.6228,-155.9522,24.2,77,60,0.45,US,1720147930
214,slyudyanka,51.6594,103.7061,18.66,97,100,0.77,RU,1720147931
215,novokayakent,42.3937,47.9861,27.12,49,0,1.14,RU,1720147932
216,mugia,43.1041,-9.2179,17.87,92,29,9.07,ES,1720147933
217,tabou,4.423,-7.3528,24.43,75,83,2.17,CI,1720147934
218,salina,38.8403,-97.6114,23.95,63,0,2.53,US,1720147926
219,lengshuitan,26.4111,111.5956,31.85,62,63,5.32,CN,1720147937
220,mount isa,-20.7333,139.5,25.87,50,20,7.2,AU,1720147938
221,kijang,35.2442,129.2139,27.85,84,75,6.38,KR,1720147939
222,port douglas,-16.4833,145.4667,24.27,76,33,6.53,AU,1720147940
223,ribas do rio pardo,-20.4431,-53.7592,18.72,37,0,1.04,BR,1720147942
224,verdal,63.7933,11.4817,14.02,80,99,1.68,NO,1720147943
225,pastavy,55.1168,26.8326,12.22,97,96,2.46,BY,1720147944
226,katsuura,35.1333,140.3,26.32,86,25,3.86,JP,1720147945
227,acarau,-2.8856,-40.12,24.6,89,2,5.8,BR,1720147946
228,wailua homesteads,22.0669,-159.378,26.44,77,20,6.17,US,1720147948
229,priob'ye,62.5206,65.5964,21.63,53,8,6.41,RU,1720147949
230,humaita,-7.5061,-63.0208,26.12,68,92,1.26,BR,1720147950
231,schlangen,51.8098,8.8461,12.21,83,100,2.95,DE,1720147951
232,yarmouth,41.7057,-70.2286,22.77,86,100,4.63,US,1720147952
233,tongliao,43.6125,122.2653,22.85,77,100,4.5,CN,1720147954
234,nemuro,43.3236,145.575,13.72,97,100,3.59,JP,1720147955
235,khasab,26.1799,56.2477,32.73,50,100,0.94,OM,1720147957
236,marovoay,-16.1,46.6333,18.16,77,5,1.2,MG,1720147958
237,kapuskasing,49.4169,-82.4331,18.05,68,75,3.6,CA,1720147959
238,hilo,19.7297,-155.09,27.85,78,40,5.66,US,1720147961
239,rehli,23.6333,79.0833,27.6,78,100,5.91,IN,1720147962
240,taltal,-25.4,-70.4833,14.67,71,79,2.92,CL,1720147963
241,guajara mirim,-10.7828,-65.3394,26.12,64,91,1.08,BR,1720147964
242,al jawf,29.5,38.75,25.06,29,1,3.25,SA,1720147966
243,zebrzydowice,49.8779,18.6113,14.14,88,66,1.9,PL,1720147968
244,susuman,62.7833,148.1667,19.98,48,96,1.33,RU,1720147969
245,yakeshi,49.2833,120.7333,33.51,22,11,1.66,CN,1720147970
246,al majaridah,19.1236,41.9111,30.67,33,5,1.19,SA,1720147971
247,itaueira,-7.6033,-43.0256,23.31,48,0,3.03,BR,1720147972
248,tintafor,8.6267,-13.215,25.09,83,75,3.09,SL,1720147974
249,port blair,11.6667,92.75,23.02,94,100,4.12,IN,1720147975
250,tarawa,1.419,172.984,30.05,79,40,2.57,KI,1720147977
251,quepos,9.4236,-84.1652,25.5,87,100,2.07,CR,1720147978
252,san antonio de pale,-1.4014,5.6325,23.65,81,100,5.33,GQ,1720147979
253,melfort,52.8667,-104.6177,22.07,56,73,3.09,CA,1720147981
254,powell river,49.8496,-124.5361,24.07,53,0,2.57,CA,1720147982
255,kuhdasht,33.535,47.6061,26.78,15,0,2.36,IR,1720147983
256,gulf shores,30.246,-87.7008,30.03,73,20,1.54,US,1720147984
257,jessen,51.7833,12.95,11.84,93,75,1.03,DE,1720147985
258,codrington,-38.2667,141.9667,13.49,62,13,3.85,AU,1720147987
259,rio preto da eva,-2.6994,-59.6997,24.43,83,41,1.26,BR,1720147988
260,al kharijah,25.4514,30.5464,29.92,25,0,4.17,EG,1720147989
261,mundri,-6.9558,111.71,28.28,70,90,3.58,ID,1720147990
262,dihok,36.8695,42.994,28.24,23,0,2.98,IQ,1720147991
263,vadso,70.0744,29.7487,15.49,76,0,3.6,NO,1720147992
264,apucarana,-23.5508,-51.4608,19.07,47,0,1.37,BR,1720147994
265,borogontsy,62.6683,131.1683,12.07,72,100,3.22,RU,1720147995
266,orange cove,36.6244,-119.3137,40.43,21,0,3.09,US,1720147996
267,as sulayyil,20.4607,45.5779,30.14,13,10,6.9,SA,1720147997
268,ukiah,39.1502,-123.2078,34.25,24,4,2.0,US,1720147998
269,port nelson,23.6333,-74.8333,28.19,78,34,3.03,BS,1720148001
270,bafra,41.5678,35.9069,21.38,74,6,2.63,TR,1720148002
271,palmer,42.1584,-72.3287,23.29,80,100,1.54,US,1720148003
272,brisas de zicatela,15.8369,-97.0419,27.59,83,52,2.86,MX,1720148004
273,nueva concepcion,14.2,-91.3,25.05,92,77,1.26,GT,1720148007
274,kapa'a,22.0752,-159.319,27.18,76,20,6.17,US,1720148008
275,st. john's,47.5649,-52.7093,12.53,94,100,2.8,CA,1720148009
276,pathein,16.7833,94.7333,28.65,77,100,4.82,MM,1720148010
277,ishigaki,24.3448,124.1572,32.07,74,40,3.6,JP,1720148011
278,baytown,29.7355,-94.9774,31.18,81,100,4.89,US,1720148012
279,noumea,-22.2763,166.4572,19.99,66,100,7.0,NC,1720147925
280,purwokerto,-7.4214,109.2344,29.82,68,83,1.1,ID,1720148015
281,richfield,44.8833,-93.283,18.23,92,75,2.57,US,1720148016
282,sorong,-0.8833,131.25,28.63,72,99,1.16,ID,1720148017
283,dubbo,-32.25,148.6167,18.07,55,75,6.69,AU,1720148018
284,pariaman,-0.619,100.12,31.03,69,96,1.93,ID,1720148019
285,hamilton,39.1834,-84.5333,25.55,92,100,5.36,US,1720147891
286,constantia,44.1833,28.65,18.38,76,0,5.16,RO,1720148022
287,daru,-9.0763,143.2092,25.96,89,100,7.65,PG,1720148023
288,gisborne,-38.6533,178.0042,11.98,68,39,2.69,NZ,1720148024
289,boksitogorsk,59.474,33.8485,18.11,93,100,3.41,RU,1720148025
290,fushe-kruje,41.4783,19.7178,18.08,100,0,0.51,AL,1720148026
291,mount pearl,47.5166,-52.7813,12.07,94,100,0.45,CA,1720147926
292,klyuchi,52.2667,79.1667,18.28,80,100,3.85,RU,1720148030
293,isla vista,34.4133,-119.861,27.97,42,1,3.42,US,1720148031
294,qalat,32.1058,66.9083,30.98,34,78,2.84,AF,1720148032
295,chusovoy,58.3013,57.8131,24.71,71,0,0.62,RU,1720148035
296,ixtapa,20.7,-105.2,25.12,93,100,0.56,MX,1720148036
297,uyar,55.81,94.3153,17.15,91,100,1.24,RU,1720148037
298,port augusta,-32.5,137.7667,18.39,41,82,8.65,AU,1720148038
299,alofi,-19.0595,-169.9187,27.94,69,40,5.14,NU,1720148039
300,port alfred,-33.5906,26.891,12.39,71,40,6.65,ZA,1720148041
301,uliastay,47.7417,96.8444,18.15,38,95,1.47,MN,1720148042
302,moussoro,13.6408,16.4901,27.31,54,100,3.2,TD,1720148043
303,ashland,40.8167,-82.2665,22.15,96,100,3.03,US,1720148044
304,meulaboh,4.1363,96.1285,27.01,74,100,1.1,ID,1720148045
305,makoua,0.0069,15.6333,21.92,96,42,1.34,CG,1720148047
306,afaahiti,-17.75,-149.2833,25.93,77,88,8.3,PF,1720148048
307,karatuzskoye,53.6072,92.8667,22.01,64,47,1.5,RU,1720148049
308,coahuayana de hidalgo,18.7,-103.6583,25.84,89,54,0.73,MX,1720148050
309,mahanoro,-19.9,48.8,18.29,86,41,1.9,MG,1720148051
310,mancio lima,-7.6142,-72.8958,23.7,71,100,0.89,BR,1720148052
311,san jose del guaviare,2.5729,-72.6459,22.89,98,100,0.96,CO,1720148054
312,happy valley-goose bay,53.3168,-60.3315,21.17,60,75,8.23,CA,1720148055
313,quellon,-43.1167,-73.6167,4.39,78,83,3.48,CL,1720148056
314,nakatsugawa,35.4833,137.5,33.95,50,0,2.24,JP,1720148057
315,kourou,5.1552,-52.6478,24.03,93,100,1.98,GF,1720148058
316,hasaki,35.7333,140.8333,32.94,75,15,4.0,JP,1720148059
317,tralee,52.2704,-9.7026,10.38,97,100,2.02,IE,1720148061
318,aguie,13.506,7.7786,29.18,56,98,7.87,NE,1720148062
319,visby,57.6409,18.296,13.12,76,0,5.66,SE,1720148063
320,zeya,53.75,127.2667,34.65,30,99,1.61,RU,1720148064
321,ta`u,-14.2336,-169.5144,26.99,81,41,8.65,AS,1720148065
322,zagora,30.3484,-5.8365,28.37,12,0,0.48,MA,1720148068
323,loen,7.7601,168.2307,25.27,88,100,2.58,MH,1720148069
324,nanao,37.05,136.9667,34.11,47,1,6.54,JP,1720148070
325,mukachevo,48.4419,22.7179,13.59,94,51,1.81,UA,1720148071
326,severo-yeniseyskiy,60.3725,93.0408,23.8,44,89,2.37,RU,1720148074
327,ataq,14.5377,46.8319,28.01,34,84,1.87,YE,1720148075
328,sandnessjoen,66.0217,12.6316,13.29,79,100,2.75,NO,1720148076
329,bel ombre,-4.6167,55.4167,26.91,74,40,4.63,SC,1720148077
330,pella,59.7775,30.8181,18.03,96,100,3.18,RU,1720148078
331,shush,32.1942,48.2436,34.23,13,0,1.87,IR,1720148080
332,chinde,26.8212,87.7095,24.73,95,100,0.83,NP,1720148082
333,xinyuan,37.3,99.0,14.67,40,21,0.95,CN,1720148083
334,xai-xai,-25.0519,33.6442,18.16,76,1,2.0,MZ,1720148084
335,sinop,41.7711,34.8709,17.67,87,88,1.27,TR,1720148086
336,richards bay,-28.783,32.0377,14.71,59,0,3.07,ZA,1720148087
337,chinchilla,-26.75,150.6333,20.01,59,0,1.79,AU,1720148088
338,urengoy,65.9667,78.3667,24.89,60,44,7.59,RU,1720148089
339,carnarvon,-24.8667,113.6333,17.31,46,0,7.14,AU,1720148090
340,sierra grande,-41.606,-65.3557,3.36,44,1,10.66,AR,1720148092
341,lata,40.1629,-8.3327,20.51,71,0,0.38,PT,1720148093
342,fort mcmurray,56.7268,-111.381,26.77,41,0,6.69,CA,1720148094
343,fale old settlement,-9.3852,-171.2468,28.25,78,18,6.86,TK,1720148095
344,changnyeong,35.5415,128.4951,29.77,58,20,2.57,KR,1720148096
345,kadi,23.3,72.3333,27.92,92,100,2.18,IN,1720148097
346,opelousas,30.5335,-92.0815,28.94,83,0,1.54,US,1720148099
347,darnah,32.767,22.6367,24.05,74,0,5.81,LY,1720148100
348,sidi ifni,29.3797,-10.173,18.86,87,96,2.98,MA,1720148101
349,burang,30.25,81.1667,11.06,78,92,2.85,CN,1720148102
350,igarka,67.4667,86.5833,21.88,52,45,5.35,RU,1720148103
351,zalari,53.5584,102.5065,17.61,96,100,4.47,RU,1720148105
352,tripoli,32.8752,13.1875,23.34,68,0,3.33,LY,1720148106
353,brookings,44.3114,-96.7984,17.0,95,100,3.09,US,1720148107
354,chonchi,-42.6128,-73.8092,2.29,93,54,1.08,CL,1720148108
355,yilan,24.757,121.753,35.92,57,6,3.15,TW,1720148109
356,sake,-1.5736,29.045,18.28,73,90,0.43,CD,1720148111
357,urangan,-25.3,152.9,19.77,63,12,8.04,AU,1720148112
358,san patricio,28.017,-97.5169,29.38,73,7,6.05,US,1720148113
359,qamdo,31.1667,97.2333,14.25,58,97,2.73,CN,1720148114
360,plast,54.3691,60.8136,23.99,76,12,4.75,RU,1720148115
361,mao,39.8885,4.2658,21.31,83,0,1.54,ES,1720148117
362,tchamba,9.0333,1.4167,21.35,98,95,1.54,TG,1720148118
363,pont rouge,48.8833,-72.0825,18.16,86,82,4.48,CA,1720148119
364,colares,38.7992,-9.4469,21.55,82,0,4.92,PT,1720148120
365,tsiombe,-25.3,45.4833,16.12,93,0,3.51,MG,1720148121
366,jaguaruana,-4.8339,-37.7811,24.29,71,82,4.69,BR,1720148122
367,baikonur,45.6167,63.3167,26.07,36,0,6.14,KZ,1720148124
368,la romana,18.4273,-68.9728,23.2,94,100,0.0,DO,1720148125
369,santiago de cao,-7.9589,-79.2392,19.07,88,75,4.12,PE,1720148126
370,odry,49.6626,17.8308,13.61,93,30,2.2,CZ,1720148127
371,ellsworth,44.5434,-68.4195,17.13,93,0,2.57,US,1720148128
372,luderitz,-26.6481,15.1594,12.85,50,0,8.74,NA,1720148130
373,nenjiang,49.1833,125.2167,32.35,34,0,1.85,CN,1720148131
374,san fernando de apure,7.8878,-67.4724,24.14,93,98,1.31,VE,1720148132
375,sabang,5.8933,95.3214,29.01,67,100,5.95,ID,1720148133
376,guerrero negro,27.9769,-114.0611,19.97,84,12,6.52,MX,1720148134
377,williams lake,52.1415,-122.1445,24.76,25,20,3.09,CA,1720148135
378,andergrove,-21.0833,149.1833,23.05,68,99,10.07,AU,1720148138
379,berdigestyakh,62.0989,126.6992,12.19,54,100,4.89,RU,1720148139
380,kuqa,41.7278,82.9364,28.21,22,75,1.79,CN,1720148140
381,rongelap,11.1635,166.8941,28.23,72,75,3.11,MH,1720148141
382,kolonia,50.9333,6.95,13.96,75,40,4.12,DE,1720148143
383,paidha,2.4167,30.9855,17.06,74,57,2.18,UG,1720148144
384,ponnani,10.767,75.9252,24.62,79,30,1.63,IN,1720148145
385,namsos,64.4662,11.4957,15.03,67,40,7.2,NO,1720148146
386,mar del plata,-38.0023,-57.5575,4.49,58,0,5.14,AR,1720148147
387,eregli,37.5133,34.0467,17.81,50,0,1.63,TR,1720148149
388,calca,-13.3333,-71.95,11.64,87,15,1.48,PE,1720148150
389,tamiahua,21.2667,-97.45,26.65,91,3,3.47,MX,1720148151
390,inarajan village,13.2736,144.7484,32.08,83,44,5.88,GU,1720148152
391,vernon,50.2581,-119.2691,29.74,24,12,0.51,CA,1720148153
392,fisterra,42.9049,-9.2629,17.79,90,16,8.63,ES,1720148154
393,fargo,46.8772,-96.7898,19.99,71,100,4.12,US,1720148156
394,zhalantun,48.0,122.7167,33.08,27,1,2.34,CN,1720148157
395,souillac,-20.5167,57.5167,21.21,68,40,5.14,MU,1720148158
396,weno,7.4515,151.8468,30.97,70,100,2.06,FM,1720148159
397,tocoa,15.6833,-86.0,23.61,95,100,0.34,HN,1720148160
398,nishinoomote,30.7333,131.0,30.31,84,40,6.17,JP,1720148162
399,labrador city,52.9463,-66.9114,14.95,88,75,2.57,CA,1720148163
400,santana,-0.0583,-51.1817,26.1,89,20,1.03,BR,1720148164
401,santa helena de goias,-17.8136,-50.5969,19.63,44,0,1.16,BR,1720148165
402,atar,20.5169,-13.0499,32.8,11,88,4.35,MR,1720148166
403,novomykolayivka,47.9781,35.9102,23.21,42,6,1.53,UA,1720148167
404,maumere,-8.6199,122.2111,26.87,63,82,5.47,ID,1720148169
405,lerwick,60.1545,-1.1494,11.0,93,100,7.35,GB,1720148170
406,namanga,-2.5433,36.7905,17.2,79,95,1.03,KE,1720148171
407,saipan,15.1355,145.701,32.39,66,40,7.2,MP,1720148172
408,recani,31.2846,-4.2688,30.36,9,0,2.16,MA,1720148173
409,papao,-17.75,-149.55,26.82,75,28,9.74,PF,1720148175
410,agat village,13.3886,144.6585,32.06,73,40,6.69,GU,1720148176
411,beau vallon,-20.4189,57.6953,21.13,68,40,5.14,MU,1720148177
412,cedeira,43.6797,-8.0209,16.65,52,97,7.35,ES,1720148178
413,masterton,-40.9597,175.6575,9.5,61,2,0.74,NZ,1720148179
414,ketchikan,55.3422,-131.6461,19.26,55,0,4.12,US,1720148181
415,igrim,63.1906,64.4162,21.16,54,5,3.2,RU,1720148182
416,springbok,-29.6643,17.8865,4.84,75,10,1.93,ZA,1720148183
417,sao miguel do araguaia,-13.275,-50.1628,22.82,42,0,1.91,BR,1720148184
418,casas grandes,30.3667,-107.95,31.7,26,98,3.11,MX,1720148185
419,malabar,-33.9667,151.25,16.84,78,75,6.17,AU,1720148186
420,correntina,-13.3433,-44.6367,18.17,54,0,1.54,BR,1720148189
421,wotho,10.1657,166.0102,27.3,78,100,5.61,MH,1720148190
422,strelka,58.0728,93.0344,24.36,64,97,1.03,RU,1720148191
423,harstad,68.799,16.5293,15.9,72,38,6.26,NO,1720148192
424,praia da vitoria,38.7333,-27.0667,20.14,83,40,1.23,PT,1720148194
425,antofagasta,-23.65,-70.4,13.6,83,40,1.87,CL,1720148195
426,keelung,25.1283,121.7419,35.94,60,18,2.16,TW,1720148196
427,broome,42.2506,-75.833,23.21,88,100,0.89,US,1720148197
428,minas de marcona,-15.2119,-75.1103,11.58,83,74,3.08,PE,1720148198
429,tambura,5.6,27.4667,20.08,98,29,0.99,SS,1720148200
430,saint-pierre,-21.3393,55.4781,16.82,72,0,3.6,RE,1720148201
431,lompoc,34.6391,-120.4579,23.16,79,0,5.66,US,1720148203
432,san juan,-31.5375,-68.5364,6.78,40,4,4.88,AR,1720148204
433,lucapa,-8.4192,20.7447,16.16,45,13,1.93,AO,1720148206
434,aberystwyth,52.4155,-4.0829,12.06,90,100,3.51,GB,1720148207
435,saint-joseph,-21.3667,55.6167,16.21,73,44,5.34,RE,1720148208
436,uzgen,40.7699,73.3007,27.16,23,0,1.24,KG,1720148209
437,murzuq,25.9155,13.9184,28.04,31,0,3.33,LY,1720148210
438,bandipura,34.4167,74.65,22.89,83,21,2.39,IN,1720148211
439,zhengzhou,34.7578,113.6486,28.27,94,100,4.48,CN,1720148214
440,nagram,26.6167,81.1333,28.03,81,100,4.59,IN,1720148215
441,santa elena de uairen,4.6167,-61.1333,19.25,91,75,0.83,VE,1720148216
442,santa ana,33.7456,-117.8678,28.48,65,20,4.12,US,1720147937
443,baltiysk,54.6538,19.911,14.54,76,26,7.8,RU,1720148219
444,eisen,36.8217,128.6308,26.82,64,31,4.73,KR,1720148220
445,pisco,-13.7,-76.2167,17.03,88,100,2.57,PE,1720148221
446,muynoq,43.7683,59.0214,26.92,38,0,6.28,UZ,1720148222
447,tolanaro,-25.0319,46.9987,17.04,88,20,0.0,MG,1720148223
448,douz,33.4663,9.0203,24.13,52,0,4.97,TN,1720148224
449,redwood falls,44.5394,-95.1169,17.81,94,100,2.57,US,1720148226
450,trairi,-3.2778,-39.2689,25.14,82,1,4.46,BR,1720148227
451,exu,-7.5119,-39.7242,16.43,82,0,0.62,BR,1720148228
452,monrovia,6.3005,-10.7969,23.87,80,64,2.1,LR,1720148229
453,taro,-8.3862,115.28,25.0,65,48,2.06,ID,1720148230
454,an nuhud,12.7,28.4333,30.4,43,98,5.84,SD,1720148232
455,mejit,10.2753,170.8646,25.97,85,100,7.75,MH,1720148234
456,naze,28.3667,129.4833,30.51,70,33,4.35,JP,1720148235
457,san andres,12.5847,-81.7006,27.01,94,20,1.03,CO,1720148236
458,grajewo,53.6473,22.4554,15.03,98,100,2.67,PL,1720148238
459,jayapura,-2.5333,140.7,29.66,62,69,1.91,ID,1720148239
460,batticaloa,7.7102,81.6924,29.21,68,100,1.07,LK,1720148240
461,berezovyy,51.6667,135.7,32.55,42,49,2.16,RU,1720148241
462,jagdispur,25.4833,84.4167,30.51,72,100,1.07,IN,1720148242
463,ust'-kulom,61.6864,53.6902,20.13,61,1,1.7,RU,1720148244
464,gereshk,31.8209,64.5701,38.12,10,3,4.48,AF,1720148245
465,new norfolk,-42.7826,147.0587,12.73,60,10,1.47,AU,1720148246
466,gebeit,21.0667,36.3167,27.89,35,36,0.28,SD,1720148247
467,betio village,1.358,172.9211,30.02,75,74,3.44,KI,1720148248
468,ratnagiri,16.9833,73.3,27.27,86,100,5.29,IN,1720148251
469,nelson bay,-32.7167,152.15,17.83,74,91,1.34,AU,1720148252
470,dunedin,-45.8742,170.5036,11.3,54,14,4.1,NZ,1720148253
471,olinda,-8.0089,-34.8553,24.85,83,75,2.06,BR,1720148254
472,celestun,20.8667,-90.4,27.2,85,3,5.95,MX,1720148256
473,umm as sahik,26.6536,49.9164,33.08,18,95,5.68,SA,1720148257
474,al jahra',29.3375,47.6581,35.35,16,59,7.83,KW,1720148258
475,tomohon,1.3346,124.8392,26.52,67,96,0.62,ID,1720148259
476,prineville,44.2999,-120.8345,32.06,10,0,4.63,US,1720148260
477,corner brook,48.9667,-57.9484,16.09,75,98,1.78,CA,1720148262
478,ha'il,27.5219,41.6907,27.01,18,0,1.03,SA,1720148263
479,guaraniacu,-25.1008,-52.8781,15.3,60,5,1.08,BR,1720148264
480,jiuquan,39.7432,98.5174,27.65,19,89,3.44,CN,1720148265
481,sharm el-sheikh,27.8518,34.305,28.08,69,0,2.06,EG,1720148266
482,oyem,1.5995,11.5793,19.78,99,100,0.77,GA,1720148267
483,bryne,58.7354,5.6477,9.99,90,75,3.6,NO,1720148269
484,kashgar,39.4547,75.9797,25.56,36,20,0.0,CN,1720148270
485,kununurra,-15.7667,128.7333,21.99,28,65,5.14,AU,1720148271
486,newman,37.3138,-121.0208,38.99,42,0,0.89,US,1720148272
487,el alto,-4.2714,-81.2147,20.81,86,96,3.68,PE,1720148273
488,broken hill,-31.95,141.4333,15.0,49,1,9.86,AU,1720148194
489,puri,19.8,85.85,29.29,71,92,5.96,IN,1720148276
490,asbestos,45.7668,-71.9324,19.98,90,90,1.64,CA,1720148277
491,martapura,-3.4167,114.85,31.05,66,40,2.06,ID,1720148281
492,bol,13.4586,14.7147,26.31,85,100,6.83,TD,1720148282
493,champerico,14.3,-91.9167,27.74,79,89,0.77,GT,1720148283
494,shingu,33.7333,135.9833,33.66,54,0,2.19,JP,1720148285
495,dakoro,14.5106,6.765,30.18,49,96,4.63,NE,1720148287
496,pfronten,47.5833,10.5667,13.45,89,100,1.46,DE,1720148288
497,nar'yan-mar,67.6713,53.087,10.94,69,3,5.04,RU,1720148289
498,hithadhoo,-0.6,73.0833,28.74,73,35,3.0,MV,1720148291
499,nakhon phanom,17.3333,104.4167,26.82,77,66,2.22,TH,1720148292
500,namibe,-15.1961,12.1522,16.7,82,6,1.66,AO,1720148293
501,bridgewater,44.3835,-64.5155,15.35,88,100,2.57,CA,1720148294
502,akureyri,65.6835,-18.0878,5.96,87,100,3.09,IS,1720148295
503,san pedro,14.35,121.0167,29.55,81,75,3.13,PH,1720148297
504,island harbour,50.724,-1.2758,15.12,83,100,4.02,GB,1720148298
505,paradip garh,20.3167,86.6167,32.31,61,100,5.11,IN,1720148299
506,mount gambier,-37.8333,140.7667,13.25,63,0,3.2,AU,1720148300
507,beyneu,45.3167,55.2,29.45,27,1,6.36,KZ,1720148301
508,orcopampa,-15.2661,-72.3417,7.82,40,1,1.04,PE,1720148302
509,charlottetown,46.2352,-63.1267,19.32,59,40,5.14,CA,1720148304
510,suances,43.4334,-4.0434,18.88,94,0,2.57,ES,1720148305
511,poronaysk,49.2167,143.1167,17.86,84,92,3.79,RU,1720148306
512,timimoun,29.2639,0.231,35.21,13,0,6.69,DZ,1720148307
513,taoudenni,22.6783,-3.9836,35.8,29,82,2.31,ML,1720148308
514,carauari,-4.8828,-66.8958,23.02,93,100,0.93,BR,1720148310
515,znamenskoye,57.1281,73.8282,19.7,72,100,1.88,RU,1720148311
516,corbin,36.9487,-84.0969,26.7,91,0,0.0,US,1720148151
517,hulan ergi,47.2042,123.6333,30.25,48,97,1.78,CN,1720148313
518,ocean city,39.2776,-74.5746,24.54,86,100,3.79,US,1720148314
519,nema,57.5067,50.5011,25.1,74,49,1.94,RU,1720148316
520,linxia chengguanzhen,35.6003,103.2064,19.65,57,0,1.59,CN,1720148317
521,nahorkatiya,27.2833,95.3333,25.92,98,100,1.51,IN,1720148318
522,armacao de buzios,-22.7469,-41.8817,19.03,74,54,4.96,BR,1720148319
523,glace bay,46.1969,-59.957,15.32,96,100,3.09,CA,1720148320
524,lae,-6.7221,146.9847,24.37,97,100,1.35,PG,1720148321
525,jalasjarvi,62.5,22.75,12.27,94,46,2.47,FI,1720148323
526,punta alta,-38.8759,-62.0736,4.95,41,0,7.85,AR,1720148324
527,cold lake,54.4502,-110.2017,22.97,53,75,4.63,CA,1720148325
528,ramtown,40.1209,-74.1438,26.14,76,0,2.06,US,1720148326
529,enriquillo,17.9,-71.2333,25.35,90,100,5.75,DO,1720148327
530,tampakan,6.4442,124.9264,29.16,81,70,0.83,PH,1720148329
531,mata-utu,-13.2816,-176.1745,27.9,76,78,8.26,WF,1720148330
532,wau,7.7029,27.9953,22.71,82,84,1.6,SS,1720148331
533,howrah,22.5892,88.3103,31.0,79,75,4.63,IN,1720148332
534,kruisfontein,-34.0033,24.7314,10.49,77,99,6.95,ZA,1720148333
535,malappuram,11.0667,76.0667,24.09,100,75,1.03,IN,1720148335
536,balancan,17.8,-91.5333,24.53,93,8,1.99,MX,1720148336
537,cooma,-36.2333,149.1333,8.8,50,12,0.13,AU,1720148337
538,tan-tan,28.438,-11.1032,19.72,78,33,5.23,MA,1720148338
539,kirakira,-10.4544,161.9205,28.74,67,100,4.84,SB,1720148339
540,mumford,5.2618,-0.759,24.32,92,94,2.57,GH,1720148340
541,kingscliff,-28.2667,153.5667,18.76,94,75,5.14,AU,1720148342
542,paragominas,-2.9667,-47.4833,25.39,74,99,1.07,BR,1720148343
543,kyzylorda,44.8528,65.5092,25.01,41,0,7.0,KZ,1720148344
544,suihua,46.6406,126.9969,22.95,77,100,1.98,CN,1720148345
545,abong mbang,3.9833,13.1833,19.71,99,100,1.18,CM,1720148346
546,awjilah,29.1081,21.2869,23.01,73,0,4.09,LY,1720148348
547,palikir - national government center,6.9248,158.1611,30.41,70,75,2.06,FM,1720148349
548,kenai,60.5544,-151.2583,16.12,67,75,10.29,US,1720148351
549,kristiansund,63.1115,7.732,12.03,82,100,8.23,NO,1720148352
550,enewetak,11.3474,162.3373,27.57,78,79,4.6,MH,1720148353
551,pereslavl'-zalesskiy,56.7393,38.8563,18.63,89,26,3.15,RU,1720148355
552,patani,5.2272,6.1924,23.24,96,100,1.25,NG,1720148356
553,boa vista,2.8197,-60.6733,26.99,83,20,1.54,BR,1720148357
554,blora,-6.9698,111.4186,28.01,71,87,3.12,ID,1720148358
555,kargasok,59.0556,80.8572,15.12,91,100,4.02,RU,1720148359
556,tazacorte,28.629,-17.9293,20.54,93,100,6.17,ES,1720148361
557,armidale,-30.5167,151.65,9.66,67,68,5.4,AU,1720148362
558,rawson,-43.3002,-65.1023,3.69,55,40,12.32,AR,1720148363
559,satana,20.5833,74.2,25.71,77,100,5.93,IN,1720148364
560,mahibadhoo,3.7833,72.9667,28.98,70,100,2.73,MV,1720148365
